vendor,model,form_factor,signals,consumer_metrics,official_developer_path,access_tier,raw_signal_access,implemented_here,verification_status,reviewed_date,primary_source
Apple,Watch Series 12,watch,"optical HR; ECG; SpO2; wrist temperature; motion","HR; HRV; respiration; sleep; ECG; activity","Export All Health Data export.xml; HealthKit on-device user permission","A;D","stored ECG waveform and heartbeat series documented; continuous raw PPG not established",partial local export,verified,2026-10-08,https://www.apple.com.cn/apple-watch-series-12/specs/
WHOOP,5.0 and MG,strap,"optical HR; motion; temperature; MG ECG","HR; HRV; sleep; SpO2; Recovery; Strain","OAuth v2 API and webhooks; BLE HR broadcast","A;B;D","continuous HR absent from cloud API per vendor FAQ",partial local API JSON,verified,2026-10-08,https://developer.whoop.com/api/
Google,Fitbit Air,band,"optical HR; red/IR SpO2; temperature; accelerometer; gyro","HR; HRV; sleep; activity; skin temperature trend","Google Health API migration; new projects not currently onboarded","A;B(blocked)","2-second device storage does not establish API access; raw PPG not documented",no,verified,2026-10-08,https://developers.google.com/health
Oura,Ring V2 API account,ring,"optical PPG; temperature; motion","HR; HRV; sleep; readiness; temperature deviation","Oura API V2 OAuth2; app starts at ten-user limit and needs review; v1 removed 2024-01","A;B","raw PPG not established from public API docs",no,verified,2026-10-08,https://cloud.ouraring.com/docs/
Garmin,Connect Health API devices,watch,"optical HR; SpO2; motion; by model more","HR; sleep; stress; Pulse Ox; Body Battery; respiration; BP where supported","Connect Developer Program Health API; approval plus evaluation environment; commercial use requires licence fee","A;C","enhanced beat-to-beat interval offered under licence; raw PPG not established",no,verified,2026-10-08,https://developer.garmin.com/gc-developer-program/health-api/
Zepp/Amazfit,Helio Strap,strap,"PPG; accelerometer; gyro; temperature","HR; HRV; SpO2; sleep; stress; BioCharge","Zepp OS SDK for supported devices; BLE HR broadcast","B;D","raw PPG not confirmed",no,verified,2026-10-08,https://au.amazfit.com/products/helio-strap
Huawei,Band 11,band,"optical HR; 9-axis motion; ambient light","HR; SpO2; sleep; activity; stress","Health Kit user authorization and platform permission","B","raw PPG not confirmed",no,verified,2026-10-08,https://consumer.huawei.com/cn/wearables/band11/specs/
Huawei,Watch D2,watch with cuff,"optical; motion; cuff pressure sensor and pump","cuff blood pressure; wearable metrics","Health Kit scopes depend on approval","B","blood pressure is a separate instrument; do not pool with optical estimates",no,verified,2026-10-08,https://consumer.huawei.com/cn/wearables/watch-d2/
Xiaomi,Smart Band 10,band,"PPG; motion","HR; SpO2; sleep; activity; stress estimate","Xiaomi Health documented device-side and server-side data","B","raw PPG not confirmed",no,verified,2026-10-08,https://dev.mi.com/xiaomihyperos/documentation/detail?pId=2331
OPPO,Watch X2,watch,"optical HR; SpO2; ECG; wrist temperature; motion","HR; SpO2; ECG; sleep; respiratory insights","general third-party health-history API not confirmed",unverified,"raw signal access not confirmed",no,unverified - confirm before use,2026-10-08,https://www.opposhop.cn/cn/web/products/32731.html
vivo,WATCH 5,watch,"optical HR/SpO2; motion; geomagnetic; light","HR; SpO2; sleep; stress; activity","general third-party health-history API not confirmed",unverified,"raw PPG/ECG access not established",no,unverified - confirm before use,2026-10-08,https://www.vivo.com.cn/vivo/param/vivowatch5
Samsung,Galaxy Ring and Galaxy Watch,ring and watch,"not verified by this project","not verified by this project","health platform SDK exists but scopes and regions not verified here",unverified,"not verified",no,unverified - confirm before use,2026-10-08,
Withings,ScanWatch and sleep devices,watch and mat,"not verified by this project","not verified by this project","public developer API advertised; reference docs are client-rendered and were not verifiable in this pass",unverified,"not verified",no,unverified - confirm before use,2026-10-08,
Ultrahuman,Ring Air,ring,"not verified by this project","not verified by this project","partner API advertised; terms not verified here",unverified,"not verified",no,unverified - confirm before use,2026-10-08,
Veepoo,JH58 customized project,module,"green PPG; accelerometer","project dependent","direct BLE SDK for supported project","D","raw green PPG plus acceleration documented for JH58 customized project only",no,verified,2026-10-08,https://github.com/HBandSDK/Android_Ble_SDK/wiki/VeepooSDK-Android-API-Document
Polar,H10 and Verity Sense,chest strap and optical sensor,"H10 ECG; Verity optical and motion","HR; model-specific streams","official Polar BLE SDK and example code","D","SDK documents streaming ECG/PPG/motion depending on exact device",no,verified,2026-10-08,https://github.com/polarofficial/polar-ble-sdk
EmotiBit,Research wearable,research module,"PPG; EDA; temperature; motion","research signals; interpretation built by developer","open-source hardware and software","D","raw signals supported; consumer performance still requires validation",no,verified,2026-10-08,https://www.emotibit.com/
RingConn,Gen 2,ring,"hardware signals not independently verified here","vendor markets HR; HRV; SpO2; skin temperature; sleep; steps","account export and developer API not verified",unverified,"raw signals not established",no,product claims only - access unverified,2026-10-08,https://ringconn.com/products/ringconn-gen-2
Looki,L1,AI camera wearable,"vendor markets camera; microphones; motion","vendor markets lifelogs; reminders; video summaries","public export and developer API not verified",unverified,"context carrier only; not a physiological sensor",no,product claims only - access unverified,2026-10-08,https://www.looki.ai/
AI recorder class,other neck and lapel AI pendants,pendant,"product-dependent; verify with vendor","transcripts or summaries where verified","no general access path; verify each model",unverified,"context only; not assumed to measure vital signs",no,unverified - category placeholder,2026-10-08,
